id,name,ns,ew
1,06A,32.4606,85.6800
2,08A,32.5294,86.3283
3,1G4,35.9903,113.8164
4,6B0,43.9847,73.0958
5,8F3,33.6239,101.2408
6,A0219.4326,99.1332
7,A0319.4326,99.1332
8,A0719.4326,99.1332
9,A1219.4326,99.1332
10,A13,61.3414,148.9989
11,A2319.4326,99.1332
12,A26,41.1864,120.9544
13,A2719.4326,99.1332
14,A28,41.8764,120.1467
15,A2919.4326,99.1332
16,A3719.4326,99.1332
17,A4019.4326,99.1332
18,A51,29.7586,85.2892
19,A5219.4326,99.1332
20,A57,59.1992,138.4511
21,A7119.4326,99.1332
22,A7219.4326,99.1332
23,A7419.4326,99.1332
24,A8319.4326,99.1332
25,A9719.4326,99.1332
26,A9819.4326,99.1332
27,AA819.4326,99.1332
28,AAN19.4326,99.1332
29,ABE,40.6522,75.4403
30,ABI,32.4114,99.6819
31,ABL19.4326,99.1332
32,ABQ,35.0403,106.6092
33,ABR,45.4492,98.4219
34,ABV19.4326,99.1332
35,ABY,31.5356,84.1944
36,ACA19.4326,99.1332
37,ACC19.4326,99.1332
38,ACK,41.2531,70.0603
39,ACT,31.6114,97.2306
40,ACV,40.9781,124.1086
41,ACY,39.4575,74.5772
42,ADA19.4326,99.1332
43,ADD19.4326,99.1332
44,ADJ19.4326,99.1332
45,ADK,51.8781,176.6461
46,ADL19.4326,99.1332
47,ADQ,57.7500,152.4939
48,ADS,32.9686,96.8364
49,ADW,38.8108,76.8669
50,ADZ19.4326,99.1332
51,AET19.4326,99.1332
52,AEX,31.3275,92.5486
53,AEY19.4326,99.1332
54,AF119.4326,99.1332
55,AFK,40.6056,95.8678
56,AFW,32.9878,97.3189
57,AGC,40.3544,79.9303
58,AGN19.4326,99.1332
59,AGP19.4326,99.1332
60,AGS,33.3700,81.9644
61,AGT19.4326,99.1332
62,AGU19.4326,99.1332
63,AHN,33.9486,83.3264
64,AIA,42.0533,102.8039
65,AIN19.4326,99.1332
66,AKB19.4326,99.1332
67,AKI,60.9028,161.2306
68,AKK,56.9386,154.1825
69,AKL19.4326,99.1332
70,AKN,58.6764,156.6486
71,AKP,68.1336,151.7433
72,AL419.4326,99.1332
73,AL519.4326,99.1332
74,ALA19.4326,99.1332
75,ALB,42.7492,73.8019
76,ALM,32.8400,105.9906
77,ALN,38.8903,90.0461
78,ALO,42.5572,92.4003
79,ALS,37.4350,105.8667
80,ALW,46.0947,118.2889
81,ALZ19.4326,99.1332
82,AMA,35.2194,101.7058
83,AMD19.4326,99.1332
84,AMK19.4326,99.1332
85,AMM19.4326,99.1332
86,AMS19.4326,99.1332
87,ANB,33.5881,85.8581
88,ANC,61.1744,149.9964
89,AND,34.4944,82.7094
90,ANF19.4326,99.1332
91,ANI,61.5817,159.5431
92,ANP,38.9428,76.5683
93,ANU19.4326,99.1332
94,ANV,62.6467,160.1906
95,AOH,40.7069,84.0267
96,AOO,40.2964,78.3200
97,AOS19.4326,99.1332
98,APA,39.5700,104.8494
99,APC,38.2133,122.2806
100,APF,26.1523,81.7758
101,APN,45.0781,83.5603
102,APW19.4326,99.1332
103,ARA,30.0378,91.8839
104,ARC,68.1147,145.5794
105,ARN19.4326,99.1332
106,ART,43.9919,76.0217
107,ASD,30.3464,89.8208
108,ASE,39.2231,106.8689
109,ASN,33.5694,86.0511
110,AST,46.1581,123.8786
111,ASU19.4326,99.1332
112,ATH19.4326,99.1332
113,ATK,70.4672,157.4358
114,ATL,33.6367,84.4281
115,ATT19.4326,99.1332
116,ATU,52.8283,173.1803
117,ATW,44.2581,88.5192
118,ATY,44.9139,97.1547
119,AUA19.4326,99.1332
120,AUG,44.3206,69.7972
121,AUH,40.8942,97.9944
122,AUK,62.6800,164.6600
123,AUS,30.1944,97.6700
124,AUZ19.4326,99.1332
125,AVB19.4326,99.1332
126,AVL,35.4361,82.5417
127,AVP,41.3383,75.7233
128,AXA,43.0778,94.2719
129,AXM19.4326,99.1332
130,AXN,45.8664,95.3947
131,AZ319.4326,99.1332
132,AZ419.4326,99.1332
133,AZA19.4326,99.1332
134,AZO,42.2344,85.5517
135,AZS19.4326,99.1332
136,BAD,32.5019,93.6625
137,BAF,42.1578,72.7156
138,BAH19.4326,99.1332
139,BAQ19.4326,99.1332
140,BBX19.4326,99.1332
141,BCE,37.7064,112.1458
142,BCN19.4326,99.1332
143,BCT,26.3785,80.1078
144,BDA19.4326,99.1332
145,BDL,41.9389,72.6833
146,BDR,41.1633,73.1261
147,BDS19.4326,99.1332
148,BDY19.4326,99.1332
149,BED,42.4700,71.2892
150,BEG19.4326,99.1332
151,BEH,42.1286,86.4286
152,BET,60.7797,161.8381
153,BFB19.4326,99.1332
154,BFD,41.8031,78.6400
155,BFF,41.8739,103.5956
156,BFI,47.5300,122.3019
157,BFK,36.8633,99.6186
158,BFL,35.4339,119.0578
159,BFM,30.6267,88.0681
160,BFS19.4326,99.1332
161,BGA19.4326,99.1332
162,BGI19.4326,99.1332
163,BGM,42.2086,75.9797
164,BGR,44.8075,68.8281
165,BGX19.4326,99.1332
166,BH119.4326,99.1332
167,BHB,44.4497,68.3617
168,BHD19.4326,99.1332
169,BHM,33.5639,86.7522
170,BHX19.4326,99.1332
171,BIC19.4326,99.1332
172,BID,41.1681,71.5778
173,BIF,31.8494,106.3800
174,BIG,63.9950,145.7200
175,BIH,37.3731,118.3636
176,BIL,45.8078,108.5428
177,BIM19.4326,99.1332
178,BIO19.4326,99.1332
179,BIS,46.7728,100.7458
180,BIX,30.4106,88.9244
181,BJC,39.9089,105.1172
182,BJI,47.5108,94.9347
183,BJV19.4326,99.1332
184,BJX19.4326,99.1332
185,BKC19.4326,99.1332
186,BKE,44.8372,117.8092
187,BKG19.4326,99.1332
188,BKK19.4326,99.1332
189,BKL,41.5175,81.6833
190,BKO19.4326,99.1332
191,BKW,37.7872,81.1242
192,BLA19.4326,99.1332
193,BLD19.4326,99.1332
194,BLF,37.2958,81.2078
195,BLG,61.1722,151.0439
196,BLI,48.7928,122.5375
197,BLL19.4326,99.1332
198,BLM,40.1869,74.1250
199,BLQ19.4326,99.1332
200,BLR19.4326,99.1332
201,BLV,38.5453,89.8353
202,BMA19.4326,99.1332
203,BMG,39.1461,86.6167
204,BMI,40.4772,88.9158
205,BMX19.4326,99.1332
206,BNA,36.1244,86.6783
207,BNE19.4326,99.1332
208,BOD19.4326,99.1332
209,BOG19.4326,99.1332
210,BOH19.4326,99.1332
211,BOI,43.5644,116.2228
212,BOK,42.0744,124.2900
213,BOM19.4326,99.1332
214,BON19.4326,99.1332
215,BOS,42.3631,71.0064
216,BPT,29.9508,94.0206
217,BQK,31.2592,81.4664
218,BQN,18.4949,67.1294
219,BRD,46.4017,94.1356
220,BRE19.4326,99.1332
221,BRL,40.7833,91.1256
222,BRM19.4326,99.1332
223,BRN19.4326,99.1332
224,BRO,25.9068,97.4258
225,BRS19.4326,99.1332
226,BRU19.4326,99.1332
227,BRW,71.2856,156.7661
228,BSB19.4326,99.1332
229,BSL19.4326,99.1332
230,BSZ19.4326,99.1332
231,BTI,70.1339,143.5819
232,BTL,42.3072,85.2514
233,BTM,45.9547,112.4975
234,BTR,30.5328,91.1500
235,BTS19.4326,99.1332
236,BTT,66.9139,151.5292
237,BTV,44.4719,73.1533
238,BUD19.4326,99.1332
239,BUF,42.9406,78.7322
240,BUR,34.2006,118.3586
241,BVO,36.7642,96.0111
242,BVU,35.9475,114.8611
243,BVY,42.5842,70.9161
244,BWD,31.7936,98.9564
245,BWG,36.9644,86.4197
246,BWI,39.1753,76.6683
247,BWS19.4326,99.1332
248,BYH,35.9644,89.9439
249,BYW19.4326,99.1332
250,BZE19.4326,99.1332
251,BZN,45.7775,111.1519
252,BZZ19.4326,99.1332
253,C01,39.6556,75.0144
254,CA219.4326,99.1332
255,CAD,44.2753,85.4189
256,CAE,33.9389,81.1194
257,CAI19.4326,99.1332
258,CAK,40.9161,81.4422
259,CAN19.4326,99.1332
260,CAY19.4326,99.1332
261,CBE,39.6153,78.7619
262,CCS19.4326,99.1332
263,CCU19.4326,99.1332
264,CDB,55.2061,162.7256
265,CDC,37.7008,113.0989
266,CDG19.4326,99.1332
267,CDL19.4326,99.1332
268,CDR,42.8375,103.0956
269,CDV,60.4917,145.4775
270,CEB19.4326,99.1332
271,CEC,41.7803,124.2367
272,CEF,42.1939,72.5347
273,CEM,65.5739,144.7808
274,CEQ19.4326,99.1332
275,CEV,39.6986,85.1297
276,CEW,30.7789,86.5222
277,CEX19.4326,99.1332
278,CEZ,37.3031,108.6281
279,CFA19.4326,99.1332
280,CFB19.4326,99.1332
281,CFG19.4326,99.1332
282,CFT,32.9569,109.2111
283,CGA19.4326,99.1332
284,CGF,41.5650,81.4864
285,CGI,37.2253,89.5708
286,CGK19.4326,99.1332
287,CGN19.4326,99.1332
288,CGP19.4326,99.1332
289,CGS,38.9806,76.9222
290,CHA,35.0353,85.2036
291,CHD,33.2692,111.8111
292,CHI19.4326,99.1332
293,CHO,38.1386,78.4528
294,CHP,65.4856,144.6108
295,CHR19.4326,99.1332
296,CHS,32.8986,80.0406
297,CHU,43.5964,91.5039
298,CHZ19.4326,99.1332
299,CIC,39.7953,121.8583
300,CID,41.8847,91.7108
301,CIG19.4326,99.1332
302,CIK,66.6450,143.7400
303,CIU,46.2508,84.4725
304,CIW19.4326,99.1332
305,CJS19.4326,99.1332
306,CJU19.4326,99.1332
307,CKB,39.2967,80.2281
308,CKD19.4326,99.1332
309,CKX,64.0714,141.9522
310,CLD19.4326,99.1332
311,CLE,41.4094,81.8550
312,CLF,64.2569,149.1861
313,CLL,30.5886,96.3639
314,CLM,48.1203,123.4997
315,CLO19.4326,99.1332
316,CLP,58.8336,158.5294
317,CLT,35.2139,80.9431
318,CLU19.4326,99.1332
319,CMA,34.2139,119.0944
320,CME19.4326,99.1332
321,CMH,39.9981,82.8919
322,CMI,40.0389,88.2778
323,CMN19.4326,99.1332
324,CMW19.4326,99.1332
325,CMX,47.1683,88.4892
326,CNF19.4326,99.1332
327,CNM,32.3375,104.2633
328,CNO,33.9747,117.6364
329,CNS19.4326,99.1332
330,CNY,38.7550,109.7547
331,COD,44.5203,109.0239
332,COE,47.7744,116.8194
333,COR19.4326,99.1332
334,COS,38.8058,104.7008
335,COU,38.8181,92.2197
336,CPH19.4326,99.1332
337,CPR,42.9081,106.4644
338,CPS,38.5708,90.1561
339,CPT,32.3539,97.4339
340,CPX,18.3133,65.3044
341,CRG,30.3364,81.5144
342,CRK19.4326,99.1332
343,CRP,27.7704,97.5011
344,CRW,38.3731,81.5933
345,CSG,32.5164,84.9389
346,CSL19.4326,99.1332
347,CSM,35.3397,99.2006
348,CT119.4326,99.1332
349,CTG19.4326,99.1332
350,CTS19.4326,99.1332
351,CUC19.4326,99.1332
352,CUL,38.0894,88.1231
353,CUN19.4326,99.1332
354,CUR19.4326,99.1332
355,CUU19.4326,99.1332
356,CVG,39.0489,84.6678
357,CVM19.4326,99.1332
358,CVN,34.4250,103.0792
359,CVO,44.4972,123.2894
360,CVS,34.3828,103.3222
361,CWA,44.7775,89.6667
362,CWB19.4326,99.1332
363,CWF,30.2106,93.1431
364,CWL19.4326,99.1332
365,CXF,67.2522,150.2039
366,CXH19.4326,99.1332
367,CXI19.4326,99.1332
368,CYB19.4326,99.1332
369,CYF19.4326,99.1332
370,CYM19.4326,99.1332
371,CYS,41.1556,104.8106
372,CZF,61.7811,166.0394
373,CZM19.4326,99.1332
374,CZN,62.0711,142.0483
375,DAB,29.1800,81.0581
376,DAC19.4326,99.1332
377,DAD19.4326,99.1332
378,DAG,34.8536,116.7867
379,DAL,32.8472,96.8517
380,DAR19.4326,99.1332
381,DAY,39.9025,84.2194
382,DBQ,42.4019,90.7094
383,DCA,38.8522,77.0378
384,DCK,66.9433,156.9047
385,DCU,34.6542,86.9453
386,DDC,37.7631,99.9656
387,DEC,39.8344,88.8656
388,DEL19.4326,99.1332
389,DEN,39.8617,104.6731
390,DET,42.4092,83.0100
391,DFW,32.8969,97.0381
392,DGB19.4326,99.1332
393,DGO19.4326,99.1332
394,DHA19.4326,99.1332
395,DHF19.4326,99.1332
396,DHN,31.3214,85.4497
397,DIK,46.7975,102.8019
398,DIO19.4326,99.1332
399,DKR,31.3069,95.4039
400,DLA19.4326,99.1332
401,DLC,34.4492,79.3686
402,DLG,59.0447,158.5056
403,DLH,46.8422,92.1936
404,DLM19.4326,99.1332
405,DMA,32.1664,110.8831
406,DME19.4326,99.1332
407,DMK19.4326,99.1332
408,DMM19.4326,99.1332
409,DNA19.4326,99.1332
410,DNB19.4326,99.1332
411,DNN,34.7231,84.8703
412,DNV,40.1997,87.5956
413,DOF19.4326,99.1332
414,DOH19.4326,99.1332
415,DOM19.4326,99.1332
416,DOV,39.1294,75.4661
417,DPA,41.9069,88.2483
418,DPG,40.1975,112.9350
419,DQH,31.4767,82.8606
420,DQK19.4326,99.1332
421,DQL19.4326,99.1332
422,DQP19.4326,99.1332
423,DQR19.4326,99.1332
424,DQS19.4326,99.1332
425,DRB19.4326,99.1332
426,DRF19.4326,99.1332
427,DRG19.4326,99.1332
428,DRO,37.1514,107.7539
429,DRT,29.3742,100.9272
430,DRW19.4326,99.1332
431,DSA19.4326,99.1332
432,DSM,41.5339,93.6631
433,DTH19.4326,99.1332
434,DTT19.4326,99.1332
435,DTW,42.2125,83.3533
436,DUB19.4326,99.1332
437,DUJ,41.1783,78.8986
438,DUR19.4326,99.1332
439,DUS19.4326,99.1332
440,DUT,53.9000,166.5436
441,DVL,48.1144,98.9086
442,DWA,38.5789,121.8567
443,DWH,30.0619,95.5528
444,DXB19.4326,99.1332
445,DYR,35.9981,89.4067
446,DZN19.4326,99.1332
447,EAA,64.7781,141.1497
448,EAR,40.7269,99.0067
449,EAT,47.3981,120.2058
450,EAU,44.8658,91.4842
451,EBB19.4326,99.1332
452,ECP19.4326,99.1332
453,ECU,29.9469,100.1739
454,EDA19.4326,99.1332
455,EDF,61.2514,149.8064
456,EDI19.4326,99.1332
457,EDW,34.9086,117.8839
458,EEK,60.2136,162.0439
459,EEN,42.8983,72.2708
460,EFD,29.6072,95.1589
461,EGC19.4326,99.1332
462,EGE,39.6414,106.9175
463,EGV,45.9322,89.2683
464,EGX19.4326,99.1332
465,EHM,58.6464,162.0628
466,EIL,64.6656,147.1014
467,EIS19.4326,99.1332
468,EJA19.4326,99.1332
469,EKA,40.8033,124.1128
470,EKI19.4326,99.1332
471,EKO,40.8250,115.7917
472,EKY,33.3125,86.9264
473,ELD,33.2211,92.8133
474,ELH19.4326,99.1332
475,ELI,64.6150,162.2706
476,ELM,42.1600,76.8917
477,ELN,47.0331,120.5306
478,ELP,31.8072,106.3775
479,ELV19.4326,99.1332
480,ELY,39.2997,114.8419
481,EMA19.4326,99.1332
482,EMK19.4326,99.1332
483,ENA,60.5733,151.2447
484,ENN,64.5472,149.0739
485,ENV,40.7186,114.0308
486,ENW,42.5956,87.9278
487,EPA19.4326,99.1332
488,EPH,47.3081,119.5169
489,ERI,42.0819,80.1761
490,ESB19.4326,99.1332
491,ESC,45.7228,87.0936
492,ESD19.4326,99.1332
493,ESN,38.8042,76.0689
494,EUG,44.1244,123.2119
495,EVE19.4326,99.1332
496,EVV,38.0369,87.5322
497,EVX19.4326,99.1332
498,EWB,41.6761,70.9569
499,EWN,35.0731,77.0431
500,EWR,40.6925,74.1686
501,EXI19.4326,99.1332
502,EYW,24.5561,81.7594
503,EZE19.4326,99.1332
504,FAB19.4326,99.1332
505,FAI,64.8156,147.8586
506,FAR,46.9206,96.8158
507,FAT,36.7761,119.7181
508,FAY,34.9911,78.8803
509,FBK,64.8375,147.6144
510,FCA19.4326,99.1332
511,FCM,44.8272,93.4572
512,FCO19.4326,99.1332
513,FDF19.4326,99.1332
514,FDY,41.0119,83.6686
515,FFM,46.2844,96.1567
516,FFO,39.8258,84.0461
517,FFT,38.1819,84.9061
518,FGI19.4326,99.1332
519,FHB,30.6119,81.4611
520,FHU,31.5883,110.3444
521,FID19.4326,99.1332
522,FKB19.4326,99.1332
523,FKI19.4326,99.1332
524,FKL,41.3778,79.8603
525,FLG,35.1403,111.6692
526,FLL,26.0726,80.1528
527,FLO,34.1853,79.7239
528,FLR19.4326,99.1332
529,FLT,62.4528,157.9892
530,FMN,36.7411,108.2300
531,FMY,26.5866,81.8633
532,FNL,40.4519,105.0114
533,FNR19.4326,99.1332
534,FNT,42.9656,83.7436
535,FOD,42.5511,94.1919
536,FOE,38.9508,95.6636
537,FOK,40.8436,72.6317
538,FOR19.4326,99.1332
539,FPO19.4326,99.1332
540,FPR,27.4951,80.3683
541,FQQ19.4326,99.1332
542,FQW19.4326,99.1332
543,FRA19.4326,99.1332
544,FRD19.4326,99.1332
545,FRG,40.7289,73.4133
546,FRS19.4326,99.1332
547,FRU19.4326,99.1332
548,FSD,43.5819,96.7419
549,FSM,35.3367,94.3675
550,FSP,63.0186,154.3583
551,FTW,32.8197,97.3625
552,FTY,33.7792,84.5214
553,FUK19.4326,99.1332
554,FVC19.4326,99.1332
555,FVG19.4326,99.1332
556,FVO19.4326,99.1332
557,FVQ19.4326,99.1332
558,FVX,37.3575,78.4378
559,FVZ19.4326,99.1332
560,FWA,40.9783,85.1953
561,FWH19.4326,99.1332
562,FWL,62.5067,153.8936
563,FXE,26.1973,80.1708
564,FYU,66.5714,145.2506
565,FYV,36.0050,94.1700
566,GAI,39.1683,77.1661
567,GAL,64.7361,156.9375
568,GAM,63.7667,171.7328
569,GAO,29.4411,90.2611
570,GAQ19.4326,99.1332
571,GB119.4326,99.1332
572,GBD,38.3442,98.8592
573,GBH,68.4797,149.4900
574,GCC,44.3489,105.5394
575,GCK,37.9275,100.7244
576,GCM,36.2928,95.4797
577,GCN,35.9522,112.1469
578,GDC19.4326,99.1332
579,GDL19.4326,99.1332
580,GDN19.4326,99.1332
581,GDT19.4326,99.1332
582,GDV,47.1386,104.8072
583,GDX19.4326,99.1332
584,GED,38.6892,75.3589
585,GEG,47.6200,117.5339
586,GEK19.4326,99.1332
587,GEO,38.8819,83.8828
588,GFK,47.9492,97.1761
589,GFL,43.3411,73.6103
590,GGG,32.3839,94.7114
591,GGT19.4326,99.1332
592,GGW,48.2125,106.6147
593,GHB19.4326,99.1332
594,GIG19.4326,99.1332
595,GJT,39.1225,108.5267
596,GKN,62.1550,145.4544
597,GLA19.4326,99.1332
598,GLH,33.4828,90.9856
599,GLR,45.0136,84.7036
600,GLV19.4326,99.1332
601,GMP19.4326,99.1332
602,GMT19.4326,99.1332
603,GND19.4326,99.1332
604,GNU,59.1175,161.5775
605,GNV,29.6900,82.2717
606,GOA19.4326,99.1332
607,GON,41.3300,72.0450
608,GOT19.4326,99.1332
609,GPT,30.4072,89.0700
610,GRB,44.4847,88.1297
611,GRI,40.9675,98.3097
612,GRK,31.0672,97.8289
613,GRR,42.8808,85.5228
614,GRS19.4326,99.1332
615,GRU19.4326,99.1332
616,GRZ19.4326,99.1332
617,GSB,35.3394,77.9606
618,GSO,36.0978,79.9372
619,GSP,34.8956,82.2189
620,GST,58.4253,135.7075
621,GTB,44.0556,75.7194
622,GTF,47.4828,111.3706
623,GTR,33.4503,88.5914
624,GTU,30.6789,97.6794
625,GUA19.4326,99.1332
626,GUC,38.5339,106.9331
627,GUF19.4326,99.1332
628,GUM,13.4839,144.7972
629,GUP,35.5111,108.7894
630,GUS,40.6481,86.1522
631,GVA19.4326,99.1332
632,GYE19.4326,99.1332
633,GYM19.4326,99.1332
634,GYR,33.4236,112.3744
635,GYY,41.6164,87.4128
636,HAE,39.7253,91.4439
637,HAJ19.4326,99.1332
638,HAM19.4326,99.1332
639,HAN19.4326,99.1332
640,HAO,39.3639,84.5219
641,HAR19.4326,99.1332
642,HAV19.4326,99.1332
643,HBH19.4326,99.1332
644,HBV,27.3496,98.7369
645,HCA,62.1883,159.7750
646,HCB19.4326,99.1332
647,HCR19.4326,99.1332
648,HDN,40.4811,107.2178
649,HEL19.4326,99.1332
650,HES19.4326,99.1332
651,HFD,41.7367,72.6494
652,HGH19.4326,99.1332
653,HGR,39.7086,77.7264
654,HGZ19.4326,99.1332
655,HHH19.4326,99.1332
656,HHN19.4326,99.1332
657,HIB,47.3867,92.8389
658,HIF,41.1239,111.9731
659,HII,34.5711,114.3583
660,HIJ19.4326,99.1332
661,HIK19.4326,99.1332
662,HIO,45.5406,122.9503
663,HKB19.4326,99.1332
664,HKD19.4326,99.1332
665,HKG19.4326,99.1332
666,HKS,32.3347,90.2225
667,HKY,35.7411,81.3894
668,HLM,42.7958,86.1619
669,HLN,46.6067,111.9828
670,HMN,32.8519,106.1086
671,HMO19.4326,99.1332
672,HND,35.9728,115.1344
673,HNH,58.0961,135.4097
674,HNL,21.3187,157.9225
675,HNM,20.7956,156.0144
676,HNS,59.2439,135.5236
677,HOB,32.6875,103.2169
678,HOG19.4326,99.1332
679,HOM,59.6456,151.4767
680,HON,44.3853,98.2286
681,HOP,36.6722,87.4925
682,HOT,34.4781,93.0961
683,HOU,29.6456,95.2789
684,HPB,61.5239,166.1467
685,HPN,41.0669,73.7075
686,HRL,26.2285,97.6544
687,HRO,36.2614,93.1547
688,HSH19.4326,99.1332
689,HSL19.4326,99.1332
690,HST,25.4884,80.3836
691,HSV,34.6372,86.7750
692,HTO,40.9594,72.2519
693,HTS,38.3667,82.5581
694,HUF,39.4514,87.3075
695,HUM,29.5664,90.6606
696,HUS,66.0392,154.2647
697,HUX19.4326,99.1332
698,HUY19.4326,99.1332
699,HVC,36.8569,87.4550
700,HVN,41.2639,72.8867
701,HVR,48.5431,109.7622
702,HYA,41.6694,70.2803
703,HYD19.4326,99.1332
704,HYG19.4326,99.1332
705,HYL19.4326,99.1332
706,HYS,38.8422,99.2731
707,IA119.4326,99.1332
708,IAB,37.6231,97.2672
709,IAD,38.9475,77.4600
710,IAG,43.1072,78.9461
711,IAH,29.9844,95.3414
712,IAN,66.9758,160.4367
713,IBE19.4326,99.1332
714,IBR19.4326,99.1332
715,ICN19.4326,99.1332
716,ICT,37.6500,97.4331
717,ID119.4326,99.1332
718,IDA,43.5136,112.0708
719,IFP,35.1561,114.5594
720,IGG,59.3242,155.9017
721,IGM,35.2594,113.9381
722,IGS19.4326,99.1332
723,II219.4326,99.1332
724,IKO,52.9417,168.8489
725,ILG,39.6786,75.6067
726,ILI,59.7556,154.9178
727,ILM,34.2706,77.9025
728,ILN,39.4281,83.7922
729,IMT,45.8183,88.1144
730,INC19.4326,99.1332
731,IND,39.7172,86.2947
732,INL,48.5656,93.4022
733,INN19.4326,99.1332
734,INS,36.5872,115.6733
735,INT,36.1336,80.2219
736,INV19.4326,99.1332
737,IOW,41.6397,91.5481
738,IPL,32.8342,115.5786
739,IPT,41.2419,76.9211
740,IQ219.4326,99.1332
741,IQQ19.4326,99.1332
742,IQT19.4326,99.1332
743,IRC19.4326,99.1332
744,IRK,40.0936,92.5450
745,IRS,41.8133,85.4389
746,ISB,43.3694,95.7597
747,ISN,48.1781,103.6422
748,ISO,35.3314,77.6089
749,ISP,40.7953,73.1003
750,IST19.4326,99.1332
751,IT119.4326,99.1332
752,ITH,42.4914,76.4589
753,ITO,19.7202,155.0483
754,IUD19.4326,99.1332
755,IWD,46.5275,90.1314
756,IWO19.4326,99.1332
757,IYK,35.6586,117.8294
758,JAC,43.6072,110.7378
759,JAN,32.3111,90.0758
760,JAX,30.4942,81.6878
761,JBR,35.8317,90.6464
762,JDA19.4326,99.1332
763,JED19.4326,99.1332
764,JEF,38.5911,92.1561
765,JER,42.7267,114.4567
766,JFK,40.6397,73.7789
767,JGC19.4326,99.1332
768,JHM,20.9629,156.6731
769,JHW,42.1533,79.2581
770,JIB19.4326,99.1332
771,JLN,37.1519,94.4983
772,JMK19.4326,99.1332
773,JMS,46.9297,98.6783
774,JNB19.4326,99.1332
775,JNU,58.3550,134.5764
776,JO219.4326,99.1332
777,JO319.4326,99.1332
778,JQF,35.3878,80.7092
779,JRV19.4326,99.1332
780,JST,40.3161,78.8339
781,JZE19.4326,99.1332
782,JZI,32.7008,80.0028
783,JZL19.4326,99.1332
784,JZM19.4326,99.1332
785,JZT19.4326,99.1332
786,KAE19.4326,99.1332
787,KAL,64.3189,158.7414
788,KBC19.4326,99.1332
789,KBE19.4326,99.1332
790,KBL19.4326,99.1332
791,KBP19.4326,99.1332
792,KCC19.4326,99.1332
793,KCG19.4326,99.1332
794,KCL,56.3111,158.5342
795,KCN19.4326,99.1332
796,KCQ19.4326,99.1332
797,KCR,63.5678,155.9892
798,KCZ19.4326,99.1332
799,KDH19.4326,99.1332
800,KEB,59.3522,151.9253
801,KEF19.4326,99.1332
802,KEH19.4326,99.1332
803,KEK,59.3569,157.4711
804,KFP,54.8475,163.4103
805,KGK19.4326,99.1332
806,KGX,62.8944,160.0650
807,KHH19.4326,99.1332
808,KHI19.4326,99.1332
809,KHV19.4326,99.1332
810,KIJ19.4326,99.1332
811,KIK19.4326,99.1332
812,KIN19.4326,99.1332
813,KIX19.4326,99.1332
814,KKA,64.9394,161.1542
815,KKB19.4326,99.1332
816,KKH19.4326,99.1332
817,KKI19.4326,99.1332
818,KLG,61.5364,160.3414
819,KLL19.4326,99.1332
820,KLN19.4326,99.1332
821,KLW19.4326,99.1332
822,KMJ19.4326,99.1332
823,KMO19.4326,99.1332
824,KMQ19.4326,99.1332
825,KMY19.4326,99.1332
826,KNK19.4326,99.1332
827,KNW,59.4517,157.3731
828,KOA,19.7388,156.0456
829,KOJ19.4326,99.1332
830,KOT19.4326,99.1332
831,KOY19.4326,99.1332
832,KOZ19.4326,99.1332
833,KPB19.4326,99.1332
834,KPC,65.2536,166.8586
835,KPM19.4326,99.1332
836,KPN19.4326,99.1332
837,KPR19.4326,99.1332
838,KPV19.4326,99.1332
839,KPY19.4326,99.1332
840,KQA19.4326,99.1332
841,KRK19.4326,99.1332
842,KSA19.4326,99.1332
843,KSC19.4326,99.1332
844,KSM,62.0608,163.3019
845,KSP19.4326,99.1332
846,KTB19.4326,99.1332
847,KTN,55.3542,131.7111
848,KTP19.4326,99.1332
849,KTS,65.3314,166.4658
850,KTW19.4326,99.1332
851,KUK19.4326,99.1332
852,KUL19.4326,99.1332
853,KUV19.4326,99.1332
854,KVC,55.1164,162.2661
855,KVL,67.7361,164.5636
856,KWA19.4326,99.1332
857,KWF19.4326,99.1332
858,KWI19.4326,99.1332
859,KWK19.4326,99.1332
860,KWN19.4326,99.1332
861,KWP19.4326,99.1332
862,KWT,60.7903,161.4436
863,KXA19.4326,99.1332
864,KYK,57.5661,154.4539
865,KYU,64.8758,157.7306
866,KZB19.4326,99.1332
867,KZN19.4326,99.1332
868,L41,36.8108,111.6444
869,LAD19.4326,99.1332
870,LAF,40.4122,86.9369
871,LAL,27.9889,82.0186
872,LAN,42.7786,84.5867
873,LAP19.4326,99.1332
874,LAR,41.3119,105.6750
875,LAS,36.0800,115.1522
876,LAW,34.5678,98.4167
877,LAX,33.9425,118.4072
878,LBA19.4326,99.1332
879,LBB,33.6636,101.8228
880,LBE,40.2747,79.4067
881,LBF,41.1261,100.6836
882,LBG19.4326,99.1332
883,LBL,37.0442,100.9600
884,LBV19.4326,99.1332
885,LCA19.4326,99.1332
886,LCE19.4326,99.1332
887,LCG,42.2419,96.9814
888,LCH,30.1261,93.2233
889,LCI,43.5731,71.4178
890,LCK,39.8139,82.9278
891,LCY19.4326,99.1332
892,LDE19.4326,99.1332
893,LDY19.4326,99.1332
894,LEB,43.6261,72.3042
895,LED19.4326,99.1332
896,LEH19.4326,99.1332
897,LEJ19.4326,99.1332
898,LEW,44.0483,70.2836
899,LEX,38.0364,84.6058
900,LFI,37.0828,76.3606
901,LFT,30.2053,91.9875
902,LGA,40.7772,73.8725
903,LGB,33.8178,118.1517
904,LGC,33.0089,85.0725
905,LGD,45.2903,118.0072
906,LGG19.4326,99.1332
907,LGU,41.7911,111.8517
908,LGW19.4326,99.1332
909,LHE19.4326,99.1332
910,LHR19.4326,99.1332
911,LIH,21.9760,159.3389
912,LIJ19.4326,99.1332
913,LIL19.4326,99.1332
914,LIM19.4326,99.1332
915,LIN19.4326,99.1332
916,LIR19.4326,99.1332
917,LIS19.4326,99.1332
918,LIT,34.7294,92.2244
919,LIV19.4326,99.1332
920,LJN19.4326,99.1332
921,LKE19.4326,99.1332
922,LKK,58.9819,155.1214
923,LMA19.4326,99.1332
924,LMM19.4326,99.1332
925,LMT,42.1561,121.7333
926,LNK,40.8511,96.7592
927,LNS,40.1217,76.2961
928,LNY,20.7856,156.9514
929,LOM,40.1375,75.2650
930,LOS19.4326,99.1332
931,LOZ,37.0869,84.0775
932,LPA19.4326,99.1332
933,LPB19.4326,99.1332
934,LPC,34.6656,120.4675
935,LPS19.4326,99.1332
936,LRD,27.5438,99.4617
937,LRM19.4326,99.1332
938,LRO,32.8978,79.7828
939,LRU,32.2894,106.9219
940,LSE,43.8792,91.2567
941,LSF,32.3372,84.9914
942,LSP19.4326,99.1332
943,LSV,36.2361,115.0342
944,LTN19.4326,99.1332
945,LTO19.4326,99.1332
946,LUF,33.5350,112.3831
947,LUK,39.1033,84.4186
948,LUP,21.2110,156.9736
949,LUR,68.8750,166.1100
950,LUX,34.5069,81.9472
951,LVD19.4326,99.1332
952,LVM,45.6994,110.4483
953,LWB,37.8583,80.3994
954,LWF19.4326,99.1332
955,LWM,42.7172,71.1233
956,LWS,46.3744,117.0153
957,LWT,47.0492,109.4667
958,LWV,38.7642,87.6056
959,LYH,37.3253,79.2006
960,LYS19.4326,99.1332
961,LZU,33.9781,83.9625
962,MAA19.4326,99.1332
963,MAD19.4326,99.1332
964,MAF,31.9425,102.2019
965,MAJ19.4326,99.1332
966,MAN19.4326,99.1332
967,MAO,34.1811,79.3347
968,MAR19.4326,99.1332
969,MAZ,18.2557,67.1483
970,MBJ19.4326,99.1332
971,MBL,44.2725,86.2469
972,MBS,43.5328,84.0797
973,MCC,38.6678,121.4006
974,MCD,45.8650,84.6372
975,MCE,37.2847,120.5139
976,MCF,27.8494,82.5211
977,MCG,62.9528,155.6056
978,MCI,39.2975,94.7139
979,MCK,40.2064,100.5922
980,MCL19.4326,99.1332
981,MCN,32.6928,83.6492
982,MCO,28.4294,81.3089
983,MCW,43.1578,93.3314
984,MDE19.4326,99.1332
985,MDF,36.4847,99.1942
986,MDH,37.7781,89.2519
987,MDO,59.4500,146.3072
988,MDT,40.1936,76.7633
989,MDW,41.7861,87.7525
990,MDY,28.2036,177.3794
991,MDZ,45.1014,90.3008
992,MEI,32.3325,88.7519
993,MEL19.4326,99.1332
994,MEM,35.0425,89.9767
995,MEO19.4326,99.1332
996,MER,37.3806,120.5683
997,MEX19.4326,99.1332
998,MFE,26.1758,98.2386
999,MFH19.4326,99.1332
1000,MFR,42.3742,122.8736
1001,MGA19.4326,99.1332
1002,MGE,33.9153,84.5164
1003,MGF19.4326,99.1332
1004,MGM,32.3006,86.3939
1005,MGN,45.4256,84.9133
1006,MGW,39.6428,79.9164
1007,MHH19.4326,99.1332
1008,MHK,39.1411,96.6708
1009,MHM,63.8861,152.3019
1010,MHR,38.5553,121.2972
1011,MHT,42.9328,71.4358
1012,MHV,35.0586,118.1506
1013,MHZ19.4326,99.1332
1014,MI219.4326,99.1332
1015,MI419.4326,99.1332
1016,MIA,25.7932,80.2906
1017,MIB,48.4158,101.3581
1018,MID19.4326,99.1332
1019,MIE,40.2425,85.3958
1020,MIL19.4326,99.1332
1021,MKC,39.1233,94.5928
1022,MKE,42.9472,87.8967
1023,MKG,43.1678,86.2356
1024,MKK,21.1529,157.0961
1025,MKL,35.6000,88.9156
1026,MLA19.4326,99.1332
1027,MLB,28.1028,80.6453
1028,MLH19.4326,99.1332
1029,MLI,41.4486,90.5072
1030,MLL19.4326,99.1332
1031,MLM19.4326,99.1332
1032,MLS,46.4281,105.8861
1033,MLU,32.5108,92.0378
1034,MLY,64.9975,150.6442
1035,MMH,37.6242,118.8378
1036,MMJ19.4326,99.1332
1037,MMU,40.7994,74.4150
1038,MNL19.4326,99.1332
1039,MNM,45.1267,87.6383
1040,MNT19.4326,99.1332
1041,MNZ,31.6658,98.1486
1042,MO2,37.1753,93.1289
1043,MOB,30.6914,88.2428
1044,MOD,37.6258,120.9544
1045,MOR,36.1794,83.3756
1046,MOS,64.6981,162.0572
1047,MOT,48.2578,101.2781
1048,MOU,62.0953,163.6819
1049,MOW19.4326,99.1332
1050,MPL19.4326,99.1332
1051,MPV,44.2036,72.5622
1052,MQJ,39.8436,85.8969
1053,MQT19.4326,99.1332
1054,MQY,36.0089,86.5200
1055,MRB,39.4019,77.9847
1056,MRC,35.5544,87.1792
1057,MRI,61.2136,149.8444
1058,MRK19.4326,99.1332
1059,MRN,35.8203,81.6114
1060,MRS19.4326,99.1332
1061,MRY,36.5869,121.8431
1062,MS219.4326,99.1332
1063,MSC19.4326,99.1332
1064,MSE19.4326,99.1332
1065,MSL,34.7453,87.6103
1066,MSN,43.1397,89.3375
1067,MSO,46.9164,114.0906
1068,MSP,44.8819,93.2217
1069,MSS,44.9358,74.8456
1070,MST19.4326,99.1332
1071,MSV,41.7017,74.7950
1072,MSY,29.9933,90.2581
1073,MTC,42.6083,82.8356
1074,MTH,24.7262,81.0514
1075,MTJ,38.5097,107.8942
1076,MTM19.4326,99.1332
1077,MTN,39.3256,76.4139
1078,MTO,39.4781,88.2792
1079,MTP,41.0764,71.9208
1080,MTR19.4326,99.1332
1081,MTY19.4326,99.1332
1082,MUC19.4326,99.1332
1083,MUE,20.0013,155.6681
1084,MUL,31.1378,83.7042
1085,MUO,43.0436,115.8725
1086,MVD19.4326,99.1332
1087,MVL,44.5347,72.6139
1088,MVM,44.7031,67.4786
1089,MVW19.4326,99.1332
1090,MVY,41.3931,70.6144
1091,MWA,37.7550,89.0111
1092,MWH,47.2086,119.3192
1093,MXE19.4326,99.1332
1094,MXP19.4326,99.1332
1095,MXY19.4326,99.1332
1096,MYC19.4326,99.1332
1097,MYF,32.8158,117.1394
1098,MYH19.4326,99.1332
1099,MYJ,39.1575,91.8183
1100,MYK,61.3356,142.6867
1101,MYR,33.6797,78.9283
1102,MYU,60.3714,166.2706
1103,MZJ,32.5097,111.3253
1104,MZL19.4326,99.1332
1105,MZR19.4326,99.1332
1106,MZT19.4326,99.1332
1107,NAN19.4326,99.1332
1108,NAP19.4326,99.1332
1109,NAS19.4326,99.1332
1110,NAT19.4326,99.1332
1111,NBW19.4326,99.1332
1112,NCE19.4326,99.1332
1113,NCL19.4326,99.1332
1114,NCN19.4326,99.1332
1115,NEV19.4326,99.1332
1116,NGF,21.4504,157.7681
1117,NGO19.4326,99.1332
1118,NGU,36.9375,76.2892
1119,NHK,38.2861,76.4117
1120,NHT19.4326,99.1332
1121,NIB19.4326,99.1332
1122,NIP,30.2358,81.6806
1123,NJK,32.8292,115.6717
1124,NKC19.4326,99.1332
1125,NKG19.4326,99.1332
1126,NKI19.4326,99.1332
1127,NKT,34.9008,76.8808
1128,NKX,32.8678,117.1417
1129,NLG19.4326,99.1332
1130,NME19.4326,99.1332
1131,NNK19.4326,99.1332
1132,NNL19.4326,99.1332
1133,NPA,30.3528,87.3186
1134,NPT19.4326,99.1332
1135,NQA,35.3567,89.8703
1136,NQX,24.5757,81.6889
1137,NQY19.4326,99.1332
1138,NRB,30.3914,81.4244
1139,NRT19.4326,99.1332
1140,NSY19.4326,99.1332
1141,NTD,34.1192,119.1194
1142,NTE19.4326,99.1332
1143,NUE19.4326,99.1332
1144,NUI,38.1461,76.4283
1145,NUL,64.7294,158.0742
1146,NUP19.4326,99.1332
1147,NUQ,37.4161,122.0492
1148,NUW,48.3519,122.6558
1149,NVA19.4326,99.1332
1150,NVT19.4326,99.1332
1151,NY1,42.3500,73.6369
1152,NY2,43.0853,76.2928
1153,NY319.4326,99.1332
1154,NY419.4326,99.1332
1155,NY519.4326,99.1332
1156,NYL,32.6567,114.6061
1157,NYO19.4326,99.1332
1158,NZC19.4326,99.1332
1159,NZY,32.6992,117.2153
1160,OAI19.4326,99.1332
1161,OAJ,34.8292,77.6122
1162,OAK,37.7214,122.2208
1163,OAX19.4326,99.1332
1164,OBO19.4326,99.1332
1165,OBU,66.9122,156.8972
1166,OCF,29.1725,82.2242
1167,ODW19.4326,99.1332
1168,OFF,41.1183,95.9125
1169,OFK,41.9856,97.4350
1170,OGD,41.1956,112.0131
1171,OGG,20.8986,156.4306
1172,OGS,44.6819,75.4656
1173,OH519.4326,99.1332
1174,OHC19.4326,99.1332
1175,OKA19.4326,99.1332
1176,OKC,35.3931,97.6008
1177,OKJ19.4326,99.1332
1178,OKO19.4326,99.1332
1179,OLB19.4326,99.1332
1180,OLF,48.0944,105.5750
1181,OLH19.4326,99.1332
1182,OLM,46.9694,122.9025
1183,OLS,31.4178,110.8478
1184,OLU,41.4481,97.3428
1185,OMA,41.3031,95.8942
1186,OME,64.5122,165.4453
1187,OMK,48.4644,119.5181
1188,ONP,44.5803,124.0578
1189,ONT,34.0561,117.6011
1190,OOK,60.5414,165.0872
1191,OPF,25.9070,80.2783
1192,OPH19.4326,99.1332
1193,OPO19.4326,99.1332
1194,OQC19.4326,99.1332
1195,OQI19.4326,99.1332
1196,OQN,39.9900,75.5819
1197,OQP19.4326,99.1332
1198,OR219.4326,99.1332
1199,ORB,48.0158,92.8561
1200,ORD,41.9808,87.9067
1201,ORF,36.8947,76.2011
1202,ORH,42.2672,71.8758
1203,ORI,57.8853,152.8461
1204,ORL,28.5456,81.3331
1205,ORN19.4326,99.1332
1206,ORT,62.9614,141.9292
1207,ORV19.4326,99.1332
1208,ORY19.4326,99.1332
1209,OSC,44.4517,83.3942
1210,OSH,43.9844,88.5569
1211,OSL19.4326,99.1332
1212,OSN19.4326,99.1332
1213,OST19.4326,99.1332
1214,OTH,43.4169,124.2469
1215,OTP19.4326,99.1332
1216,OTS19.4326,99.1332
1217,OTZ,66.8847,162.5986
1218,OUA19.4326,99.1332
1219,OWB,37.7389,87.1669
1220,OWD,42.1906,71.1731
1221,OXC,41.4786,73.1353
1222,OXR,34.2008,119.2072
1223,PAC19.4326,99.1332
1224,PAE,47.9069,122.2817
1225,PAH,37.0603,88.7731
1226,PAM,30.0700,85.5764
1227,PAP19.4326,99.1332
1228,PAQ,61.5950,149.0886
1229,PBC19.4326,99.1332
1230,PBG,44.6508,73.4681
1231,PBI,26.6832,80.0956
1232,PBK19.4326,99.1332
1233,PBM19.4326,99.1332
1234,PCA19.4326,99.1332
1235,PCE19.4326,99.1332
1236,PDB19.4326,99.1332
1237,PDK,33.8756,84.3019
1238,PDL19.4326,99.1332
1239,PDT,45.6950,118.8414
1240,PDX,45.5883,122.5975
1241,PEC19.4326,99.1332
1242,PEI19.4326,99.1332
1243,PEK19.4326,99.1332
1244,PFN,30.2122,85.6828
1245,PGA,36.9261,111.4483
1246,PGD,26.9198,81.9906
1247,PGM,59.3483,151.8317
1248,PGR,36.0639,90.5092
1249,PGS19.4326,99.1332
1250,PGV,35.6353,77.3853
1251,PHF,37.1319,76.4931
1252,PHL,39.8722,75.2408
1253,PHN,42.9111,82.5289
1254,PHO,68.3489,166.7994
1255,PHX,33.4342,112.0117
1256,PIA,40.6642,89.6933
1257,PIB,31.4672,89.3369
1258,PIE,27.9100,82.6875
1259,PIH,42.9097,112.5958
1260,PIK19.4326,99.1332
1261,PIO19.4326,99.1332
1262,PIP19.4326,99.1332
1263,PIR,44.3828,100.2861
1264,PIT,40.4914,80.2328
1265,PIZ,69.7322,163.0111
1266,PKA,60.7028,161.7783
1267,PKB,39.3450,81.4392
1268,PKC19.4326,99.1332
1269,PLN,45.5708,84.7967
1270,PLS19.4326,99.1332
1271,PML19.4326,99.1332
1272,PMO19.4326,99.1332
1273,PMV,40.9483,95.9172
1274,PNE,40.0819,75.0106
1275,PNI19.4326,99.1332
1276,PNR19.4326,99.1332
1277,PNS,30.4733,87.1867
1278,POA19.4326,99.1332
1279,POB,35.1708,79.0144
1280,POP19.4326,99.1332
1281,POS19.4326,99.1332
1282,POU,41.6267,73.8842
1283,POX19.4326,99.1332
1284,PPC,66.8142,150.6436
1285,PPG,14.3317,170.7114
1286,PPN19.4326,99.1332
1287,PPT19.4326,99.1332
1288,PPV19.4326,99.1332
1289,PQI,46.6889,68.0447
1290,PQS19.4326,99.1332
1291,PRB,35.6728,120.6269
1292,PRC,34.6544,112.4197
1293,PRG,39.7003,87.6697
1294,PRZ,34.1456,103.4103
1295,PSA19.4326,99.1332
1296,PSB,40.8844,78.0872
1297,PSC,46.2647,119.1189
1298,PSE,18.0083,66.5631
1299,PSF,42.4269,73.2931
1300,PSG,56.8017,132.9453
1301,PSK,37.1372,80.6786
1302,PSM,43.0781,70.8233
1303,PSO,37.2861,107.0561
1304,PSP,33.8297,116.5067
1305,PTA19.4326,99.1332
1306,PTD,44.6767,74.9483
1307,PTH,56.9592,158.6333
1308,PTK,42.6656,83.4194
1309,PTP19.4326,99.1332
1310,PTU,59.0114,161.8197
1311,PTV,36.0297,119.0628
1312,PTY19.4326,99.1332
1313,PUB,38.2892,104.4964
1314,PUF19.4326,99.1332
1315,PUG19.4326,99.1332
1316,PUJ,33.9119,84.9406
1317,PUS19.4326,99.1332
1318,PUW,46.7439,117.1094
1319,PVC,42.0719,70.2214
1320,PVD,41.7239,71.4283
1321,PVG,36.7803,76.4489
1322,PVR19.4326,99.1332
1323,PVS19.4326,99.1332
1324,PVU,40.2192,111.7233
1325,PVY19.4326,99.1332
1326,PWA,35.5342,97.6469
1327,PWK,42.1142,87.9014
1328,PWM,43.6461,70.3092
1329,PWT,47.4903,122.7647
1330,PYM,41.9089,70.7289
1331,QPG19.4326,99.1332
1332,QQB19.4326,99.1332
1333,QQN19.4326,99.1332
1334,QQY19.4326,99.1332
1335,QRO19.4326,99.1332
1336,RAC,42.7611,87.8139
1337,RAI19.4326,99.1332
1338,RAK19.4326,99.1332
1339,RAP,44.0453,103.0572
1340,RAR19.4326,99.1332
1341,RBA19.4326,99.1332
1342,RBB19.4326,99.1332
1343,RBD,32.6808,96.8683
1344,RBG,43.2389,123.3558
1345,RBH19.4326,99.1332
1346,RBY,64.7272,155.4700
1347,RCE,35.4881,97.8236
1348,RCH19.4326,99.1332
1349,RDB19.4326,99.1332
1350,RDD,40.5089,122.2933
1351,RDG,40.3786,75.9653
1352,RDM,44.2542,121.1500
1353,RDU,35.8778,78.7875
1354,RDV,61.7881,157.3503
1355,REC19.4326,99.1332
1356,RFD,42.1953,89.0972
1357,RGA19.4326,99.1332
1358,RHI,45.6311,89.4675
1359,RIC,37.5053,77.3197
1360,RIL,39.5264,107.7269
1361,RIV,33.8808,117.2594
1362,RIW,43.0642,108.4597
1363,RIX19.4326,99.1332
1364,RKD,44.0600,69.0992
1365,RKS,41.5942,109.0653
1366,RLG19.4326,99.1332
1367,RLU19.4326,99.1332
1368,RME,43.2339,75.4069
1369,RMG,34.3508,85.1586
1370,RMP,65.5078,150.1408
1371,RMS19.4326,99.1332
1372,RNO,39.4992,119.7681
1373,RNT,47.4931,122.2158
1374,ROA,37.3256,79.9756
1375,ROB19.4326,99.1332
1376,ROC,43.1189,77.6725
1377,ROG,36.3725,94.1069
1378,ROP19.4326,99.1332
1379,ROR19.4326,99.1332
1380,ROS,45.6972,92.9522
1381,ROV19.4326,99.1332
1382,ROW,33.3017,104.5306
1383,RQI19.4326,99.1332
1384,RQR19.4326,99.1332
1385,RQZ19.4326,99.1332
1386,RSD19.4326,99.1332
1387,RSH,61.7750,161.3194
1388,RSJ19.4326,99.1332
1389,RSL,38.8714,98.8117
1390,RST,43.9083,92.5000
1391,RSW,26.5362,81.7553
1392,RTB19.4326,99.1332
1393,RU319.4326,99.1332
1394,RUH19.4326,99.1332
1395,RUT,43.5300,72.9497
1396,RWI,35.8564,77.8919
1397,RZE19.4326,99.1332
1398,S27,48.1786,114.3036
1399,SAA,41.4450,106.8236
1400,SAC,38.5125,121.4933
1401,SAF,35.6172,106.0894
1402,SAL19.4326,99.1332
1403,SAN,32.7336,117.1897
1404,SAP19.4326,99.1332
1405,SAT,29.5336,98.4697
1406,SAV,32.1275,81.2022
1407,SAW,46.3536,87.3953
1408,SBA,34.4261,119.8414
1409,SBH19.4326,99.1332
1410,SBM,43.7692,87.8522
1411,SBN,41.7083,86.3172
1412,SBO,32.6092,82.3700
1413,SBP,35.2372,120.6425
1414,SBY,38.3406,75.5103
1415,SC119.4326,99.1332
1416,SCC,70.1947,148.4653
1417,SCE19.4326,99.1332
1418,SCF19.4326,99.1332
1419,SCH,42.8525,73.9289
1420,SCK,37.8942,121.2383
1421,SCL19.4326,99.1332
1422,SCM,61.8444,165.5739
1423,SCQ19.4326,99.1332
1424,SCU19.4326,99.1332
1425,SD219.4326,99.1332
1426,SDF,38.1742,85.7364
1427,SDJ19.4326,99.1332
1428,SDM,32.5722,116.9803
1429,SDP,55.3136,160.5214
1430,SDQ19.4326,99.1332
1431,SDX19.4326,99.1332
1432,SDY,47.7069,104.1925
1433,SEA,47.4500,122.3117
1434,SEN19.4326,99.1332
1435,SFB,28.7767,81.2356
1436,SFJ19.4326,99.1332
1437,SFO,37.6189,122.3750
1438,SGF,37.2456,93.3886
1439,SGH,39.8403,83.8403
1440,SGN19.4326,99.1332
1441,SGR,29.6222,95.6567
1442,SGU,37.0906,113.5931
1443,SGY,59.4600,135.3156
1444,SHA19.4326,99.1332
1445,SHD,38.2639,78.8964
1446,SHG,66.8881,157.1625
1447,SHH,66.2494,166.0894
1448,SHJ19.4326,99.1332
1449,SHR,44.7692,106.9803
1450,SHV,32.4467,93.8256
1451,SHX,62.6922,159.5692
1452,SID19.4326,99.1332
1453,SIG,18.4568,66.0981
1454,SIN19.4326,99.1332
1455,SIT,57.0472,135.3617
1456,SJC,37.3628,121.9292
1457,SJD19.4326,99.1332
1458,SJJ19.4326,99.1332
1459,SJK19.4326,99.1332
1460,SJO19.4326,99.1332
1461,SJT,31.3578,100.4964
1462,SJU,18.4394,66.0019
1463,SKB19.4326,99.1332
1464,SKF,29.3842,98.5811
1465,SKJ19.4326,99.1332
1466,SKK19.4326,99.1332
1467,SKW,61.9653,151.1914
1468,SKY,41.4333,82.6522
1469,SLA19.4326,99.1332
1470,SLC,40.7883,111.9778
1471,SLE,44.9094,123.0025
1472,SLJ,31.1739,89.1911
1473,SLK,44.3853,74.2061
1474,SLN,38.7908,97.6522
1475,SLP19.4326,99.1332
1476,SLQ,61.7006,157.1658
1477,SLU19.4326,99.1332
1478,SLW19.4326,99.1332
1479,SMA19.4326,99.1332
1480,SMF,38.6956,121.5908
1481,SMK,63.4900,162.1103
1482,SMO,34.0158,118.4514
1483,SMR19.4326,99.1332
1484,SMX,34.8989,120.4575
1485,SNA,33.6756,117.8683
1486,SNF19.4326,99.1332
1487,SNK,32.6933,100.9506
1488,SNN19.4326,99.1332
1489,SNP,57.1672,170.2206
1490,SNS,36.6628,121.6064
1491,SNY,41.0997,102.9850
1492,SOF19.4326,99.1332
1493,SOP,35.2375,79.3889
1494,SOV,59.4425,151.7042
1495,SOW,34.2656,110.0056
1496,SPB,45.7711,122.8619
1497,SPI,39.8442,89.6781
1498,SPM19.4326,99.1332
1499,SPN19.4326,99.1332
1500,SPS,33.9889,98.4919
1501,SPW,43.1656,95.2028
1502,SQA19.4326,99.1332
1503,SQV19.4326,99.1332
1504,SRQ,27.3954,82.5544
1505,SRV,61.7897,156.5886
1506,SSA19.4326,99.1332
1507,SSB19.4326,99.1332
1508,SSC,33.9728,80.4706
1509,SSG19.4326,99.1332
1510,SSI,31.1519,81.3911
1511,SSW19.4326,99.1332
1512,STC,45.5467,94.0600
1513,STE,44.5450,89.5303
1514,STG19.4326,99.1332
1515,STI19.4326,99.1332
1516,STJ,39.7719,94.9097
1517,STL,38.7486,90.3700
1518,STN19.4326,99.1332
1519,STP,44.9347,93.0603
1520,STR19.4326,99.1332
1521,STS,38.5089,122.8128
1522,STT,18.3373,64.9733
1523,STX,17.7016,64.8017
1524,SUN,43.5039,114.2956
1525,SUS,38.6622,90.6519
1526,SUU,38.2628,121.9275
1527,SUX,42.4025,96.3844
1528,SVA,63.6864,170.4928
1529,SVC,32.6367,108.1564
1530,SVD19.4326,99.1332
1531,SVG19.4326,99.1332
1532,SVH,35.7650,80.9539
1533,SVN,32.0100,81.1461
1534,SVO19.4326,99.1332
1535,SVQ19.4326,99.1332
1536,SVS,66.0169,149.0544
1537,SVW,61.0975,155.5742
1538,SWB19.4326,99.1332
1539,SWD,60.1269,149.4189
1540,SWF,41.5042,74.1047
1541,SWO,36.1611,97.0856
1542,SXF19.4326,99.1332
1543,SXM19.4326,99.1332
1544,SXP,62.5206,164.8478
1545,SXQ,60.4750,151.0383
1546,SYA,52.7122,174.1136
1547,SYB19.4326,99.1332
1548,SYD19.4326,99.1332
1549,SYR,43.1111,76.1064
1550,SZG19.4326,99.1332
1551,SZL,38.7303,93.5481
1552,SZT,48.2994,116.5600
1553,SZW19.4326,99.1332
1554,SZX19.4326,99.1332
1555,TAB19.4326,99.1332
1556,TAK19.4326,99.1332
1557,TAL,65.1744,152.1094
1558,TAM19.4326,99.1332
1559,TAO19.4326,99.1332
1560,TAR19.4326,99.1332
1561,TAS19.4326,99.1332
1562,TBI19.4326,99.1332
1563,TBN,37.7417,92.1408
1564,TBR,32.4828,81.7369
1565,TBS19.4326,99.1332
1566,TCB19.4326,99.1332
1567,TCL,33.2206,87.6114
1568,TCM,47.1378,122.4764
1569,TCO19.4326,99.1332
1570,TCT,62.9928,156.0683
1571,TDF,36.2847,78.9847
1572,TDZ,41.5650,83.4822
1573,TEB,40.8500,74.0608
1574,TEK19.4326,99.1332
1575,TER,65.2403,166.3394
1576,TEX,37.9539,107.9086
1577,TFN19.4326,99.1332
1578,TFS19.4326,99.1332
1579,TGU19.4326,99.1332
1580,TGZ19.4326,99.1332
1581,THU19.4326,99.1332
1582,TIJ19.4326,99.1332
1583,TIK,35.4147,97.3867
1584,TIQ19.4326,99.1332
1585,TIW,47.2681,122.5781
1586,TIX,28.5147,80.7992
1587,TKA,62.3206,150.0936
1588,TKE19.4326,99.1332
1589,TKF19.4326,99.1332
1590,TKJ19.4326,99.1332
1591,TKK19.4326,99.1332
1592,TKU19.4326,99.1332
1593,TLA19.4326,99.1332
1594,TLC19.4326,99.1332
1595,TLF19.4326,99.1332
1596,TLH,30.3967,84.3503
1597,TLJ,62.8944,155.9767
1598,TLL19.4326,99.1332
1599,TLN19.4326,99.1332
1600,TLS19.4326,99.1332
1601,TLT,61.0969,160.9694
1602,TLV19.4326,99.1332
1603,TMB,25.6479,80.4328
1604,TMP19.4326,99.1332
1605,TN219.4326,99.1332
1606,TN719.4326,99.1332
1607,TNC,65.5631,167.9217
1608,TNK19.4326,99.1332
1609,TOG,59.0536,160.3969
1610,TOJ19.4326,99.1332
1611,TOL,41.5867,83.8078
1612,TOY19.4326,99.1332
1613,TPA,27.9756,82.5333
1614,TPE19.4326,99.1332
1615,TRC19.4326,99.1332
1616,TRD19.4326,99.1332
1617,TRI,36.4753,82.4075
1618,TRM,33.6267,116.1597
1619,TRN19.4326,99.1332
1620,TSE19.4326,99.1332
1621,TSF19.4326,99.1332
1622,TSG,63.3744,143.3356
1623,TSN19.4326,99.1332
1624,TSP,35.1350,118.4392
1625,TTH19.4326,99.1332
1626,TTN,40.2767,74.8133
1627,TUC19.4326,99.1332
1628,TUL,36.1983,95.8881
1629,TUP,34.2681,88.7700
1630,TUS,32.1161,110.9411
1631,TVC,44.7417,85.5822
1632,TVF,48.0656,96.1850
1633,TVL,38.8939,119.9953
1634,TWA19.4326,99.1332
1635,TWD19.4326,99.1332
1636,TWF,42.4817,114.4878
1637,TWH19.4326,99.1332
1638,TX319.4326,99.1332
1639,TX719.4326,99.1332
1640,TX819.4326,99.1332
1641,TXK,33.4536,93.9911
1642,TXL19.4326,99.1332
1643,TYE,61.0767,151.1381
1644,TYR,32.3542,95.4025
1645,TYS,35.8111,83.9939
1646,U36,42.9211,112.8808
1647,UAB19.4326,99.1332
1648,UAM,13.5839,144.9300
1649,UBF19.4326,99.1332
1650,UDD,33.7483,116.2747
1651,UES,43.0411,88.2369
1652,UGB,57.4253,157.7400
1653,UGI19.4326,99.1332
1654,UGN,42.4222,87.8678
1655,UIN,39.9431,91.1944
1656,UIO19.4326,99.1332
1657,UKI,39.1258,123.2008
1658,ULY19.4326,99.1332
1659,UMT,69.3711,152.1350
1660,UNK,63.8883,160.7989
1661,UOS,35.2053,85.8981
1662,UST19.4326,99.1332
1663,UT119.4326,99.1332
1664,UTM19.4326,99.1332
1665,UTO,65.9928,153.7042
1666,UTP19.4326,99.1332
1667,UUD19.4326,99.1332
1668,UUK19.4326,99.1332
1669,UUS19.4326,99.1332
1670,UVA,29.2114,99.7436
1671,UVF19.4326,99.1332
1672,UXM19.4326,99.1332
1673,UXO19.4326,99.1332
1674,UXP19.4326,99.1332
1675,UXR19.4326,99.1332
1676,VAD,30.9686,83.1931
1677,VAK,61.5408,165.6008
1678,VBG,34.7297,120.5769
1679,VCE19.4326,99.1332
1680,VCP19.4326,99.1332
1681,VCT,28.8525,96.9186
1682,VCV,34.5975,117.3831
1683,VDZ,61.1339,146.2483
1684,VEE,67.0086,146.3664
1685,VEL,40.4408,109.5100
1686,VER,38.9467,92.6828
1687,VGC,42.8433,75.5611
1688,VGT,36.2106,115.1944
1689,VIE19.4326,99.1332
1690,VIK19.4326,99.1332
1691,VIS,36.3186,119.3928
1692,VIT19.4326,99.1332
1693,VIX19.4326,99.1332
1694,VKO19.4326,99.1332
1695,VLC19.4326,99.1332
1696,VLD,30.7814,83.2761
1697,VLN19.4326,99.1332
1698,VNY,34.2097,118.4900
1699,VOK,43.9389,90.2536
1700,VPS,30.4833,86.5253
1701,VQS,18.1348,65.4936
1702,VRA19.4326,99.1332
1703,VRB,27.6556,80.4181
1704,VSA19.4326,99.1332
1705,VUP19.4326,99.1332
1706,VVI19.4326,99.1332
1707,VWE19.4326,99.1332
1708,VWH19.4326,99.1332
1709,VWK19.4326,99.1332
1710,VWN19.4326,99.1332
1711,VYS,41.3519,89.1531
1712,VZA19.4326,99.1332
1713,VZM19.4326,99.1332
1714,VZN19.4326,99.1332
1715,VZR19.4326,99.1332
1716,VZY19.4326,99.1332
1717,WA419.4326,99.1332
1718,WAA19.4326,99.1332
1719,WAW19.4326,99.1332
1720,WBB,63.5161,162.2781
1721,WBQ,66.3622,147.4067
1722,WCR,67.5044,148.4833
1723,WDG,36.3783,97.7889
1724,WFB19.4326,99.1332
1725,WGO19.4326,99.1332
1726,WHD19.4326,99.1332
1727,WJF,34.7411,118.2186
1728,WKK19.4326,99.1332
1729,WLK,66.6000,159.9858
1730,WMC,40.8967,117.8058
1731,WMK19.4326,99.1332
1732,WMO,64.6892,163.4128
1733,WNA,60.6903,161.9786
1734,WQZ19.4326,99.1332
1735,WRB,32.6403,83.5919
1736,WRG,56.4844,132.3697
1737,WRI,40.0156,74.5917
1738,WRL,43.9658,107.9508
1739,WSN,58.7022,157.0025
1740,WST,41.3497,71.8033
1741,WSX19.4326,99.1332
1742,WTK,67.5611,162.9803
1743,WTL19.4326,99.1332
1744,WVL,44.5333,69.6756
1745,WWP19.4326,99.1332
1746,WWT19.4326,99.1332
1747,WYB19.4326,99.1332
1748,WYS,44.6883,111.1178
1749,XCM19.4326,99.1332
1750,XCR19.4326,99.1332
1751,XMR,28.4678,80.5669
1752,XNA,36.2819,94.3069
1753,XWA19.4326,99.1332
1754,XWD19.4326,99.1332
1755,XWF19.4326,99.1332
1756,XWH19.4326,99.1332
1757,XXP19.4326,99.1332
1758,XXU19.4326,99.1332
1759,XXV19.4326,99.1332
1760,XXX19.4326,99.1332
1761,XXY19.4326,99.1332
1762,YAK,59.5033,139.6603
1763,YAP19.4326,99.1332
1764,YAZ19.4326,99.1332
1765,YBL19.4326,99.1332
1766,YCB19.4326,99.1332
1767,YCD19.4326,99.1332
1768,YCF19.4326,99.1332
1769,YCH19.4326,99.1332
1770,YCL19.4326,99.1332
1771,YDA19.4326,99.1332
1772,YDS19.4326,99.1332
1773,YEG19.4326,99.1332
1774,YEV19.4326,99.1332
1775,YFB19.4326,99.1332
1776,YFC19.4326,99.1332
1777,YGE19.4326,99.1332
1778,YGN19.4326,99.1332
1779,YHH19.4326,99.1332
1780,YHM19.4326,99.1332
1781,YHS19.4326,99.1332
1782,YHU19.4326,99.1332
1783,YHZ19.4326,99.1332
1784,YIG19.4326,99.1332
1785,YIP,42.2378,83.5300
1786,YJT19.4326,99.1332
1787,YKF19.4326,99.1332
1788,YKM,46.5681,120.5442
1789,YKZ19.4326,99.1332
1790,YLW19.4326,99.1332
1791,YMA19.4326,99.1332
1792,YMM19.4326,99.1332
1793,YMP19.4326,99.1332
1794,YMX19.4326,99.1332
1795,YNG,41.2608,80.6792
1796,YNK19.4326,99.1332
1797,YNT19.4326,99.1332
1798,YOC19.4326,99.1332
1799,YOW19.4326,99.1332
1800,YPQ19.4326,99.1332
1801,YPW19.4326,99.1332
1802,YQA19.4326,99.1332
1803,YQB19.4326,99.1332
1804,YQG19.4326,99.1332
1805,YQL19.4326,99.1332
1806,YQM19.4326,99.1332
1807,YQR19.4326,99.1332
1808,YQT19.4326,99.1332
1809,YQU19.4326,99.1332
1810,YQX19.4326,99.1332
1811,YQY19.4326,99.1332
1812,YSC19.4326,99.1332
1813,YSJ19.4326,99.1332
1814,YSN19.4326,99.1332
1815,YTG19.4326,99.1332
1816,YTM19.4326,99.1332
1817,YTP19.4326,99.1332
1818,YTZ19.4326,99.1332
1819,YUB19.4326,99.1332
1820,YUL19.4326,99.1332
1821,YUM19.4326,99.1332
1822,YVR19.4326,99.1332
1823,YWG19.4326,99.1332
1824,YWH19.4326,99.1332
1825,YXC19.4326,99.1332
1826,YXE19.4326,99.1332
1827,YXS19.4326,99.1332
1828,YXU19.4326,99.1332
1829,YXX19.4326,99.1332
1830,YXY19.4326,99.1332
1831,YYC19.4326,99.1332
1832,YYF19.4326,99.1332
1833,YYG19.4326,99.1332
1834,YYJ19.4326,99.1332
1835,YYR19.4326,99.1332
1836,YYT19.4326,99.1332
1837,YYZ19.4326,99.1332
1838,YZF19.4326,99.1332
1839,YZT19.4326,99.1332
1840,ZAZ19.4326,99.1332
1841,ZCL19.4326,99.1332
1842,ZEL19.4326,99.1332
1843,ZIH19.4326,99.1332
1844,ZLO19.4326,99.1332
1845,ZNA19.4326,99.1332
1846,ZNC,60.9806,159.9936
1847,ZRH19.4326,99.1332
1848,ZSA19.4326,99.1332
1849,ZTS19.4326,99.1332
1850,ZXA19.4326,99.1332
1851,ZXB19.4326,99.1332
1852,ZXC19.4326,99.1332
1853,ZXD19.4326,99.1332
1854,ZXH19.4326,99.1332
1855,ZXM19.4326,99.1332
1856,ZXN19.4326,99.1332
1857,ZXT19.4326,99.1332
1858,ZXU19.4326,99.1332
